series_id,time,value,label
Normal_0,0,-0.12702733821490841,Normal
Normal_0,1,0.22122358253645713,Normal
Normal_0,2,0.12017073407117379,Normal
Normal_0,3,0.6280801383988315,Normal
Normal_0,4,0.4774294870057993,Normal
Normal_0,5,0.3556196330608269,Normal
Normal_0,6,0.7156484438133319,Normal
Normal_0,7,0.8018068266582397,Normal
Normal_0,8,0.7805256073034768,Normal
Normal_0,9,1.031205312217975,Normal
Normal_0,10,1.028369036921638,Normal
Normal_0,11,1.0330273903690932,Normal
Normal_0,12,0.8406320345456232,Normal
Normal_0,13,1.0836634394932476,Normal
Normal_0,14,1.1018791348643926,Normal
Normal_0,15,0.9880736009783693,Normal
Normal_0,16,0.8703376001787322,Normal
Normal_0,17,0.8219852539047598,Normal
Normal_0,18,0.8873570242176464,Normal
Normal_0,19,0.6480390042496528,Normal
Normal_0,20,0.6461292195745565,Normal
Normal_0,21,0.2112250924490866,Normal
Normal_0,22,0.32171122073366626,Normal
Normal_0,23,0.25701583879930556,Normal
Normal_0,24,0.21932348524579845,Normal
Normal_0,25,0.01941999614436999,Normal
Normal_0,26,-0.23152477900799748,Normal
Normal_0,27,-0.29481910582799115,Normal
Normal_0,28,-0.24717662389385872,Normal
Normal_0,29,-0.5211783690856736,Normal
Normal_0,30,-0.7175436292738728,Normal
Normal_0,31,-0.7502584455026918,Normal
Normal_0,32,-0.9560699157446373,Normal
Normal_0,33,-0.607978440160068,Normal
Normal_0,34,-0.9942893526365176,Normal
Normal_0,35,-0.8925742687962843,Normal
Normal_0,36,-1.1270888342281369,Normal
Normal_0,37,-1.0260418837638758,Normal
Normal_0,38,-0.9850417167036594,Normal
Normal_0,39,-0.8558336254192527,Normal
Normal_0,40,-0.68878897303429,Normal
Normal_0,41,-0.854309286496077,Normal
Normal_0,42,-0.9600432391841738,Normal
Normal_0,43,-0.7081690936158906,Normal
Normal_0,44,-0.5898763028004941,Normal
Normal_0,45,-0.6951556715711956,Normal
Normal_0,46,-0.45023978738229015,Normal
Normal_0,47,-0.09956075668670264,Normal
Normal_0,48,-0.29628588220161545,Normal
Normal_0,49,-0.006385745041185387,Normal
Normal_0,50,0.049783414130177873,Normal
Normal_0,51,0.3062707922445065,Normal
Normal_0,52,0.3134470009854982,Normal
Normal_0,53,0.44074446809387047,Normal
Normal_0,54,0.557906131501192,Normal
Normal_0,55,0.7123246530533589,Normal
Normal_0,56,0.8448562826119352,Normal
Normal_0,57,0.7811031583711318,Normal
Normal_0,58,0.9161849793767232,Normal
Normal_0,59,0.8952707199022284,Normal
Normal_0,60,0.8922682149640137,Normal
Normal_0,61,0.8939015672396715,Normal
Normal_0,62,0.9892837327394304,Normal
Normal_0,63,0.9350064235721168,Normal
Normal_0,64,0.9023837797850072,Normal
Normal_0,65,0.9805150433719353,Normal
Normal_0,66,0.9888646174135087,Normal
Normal_0,67,0.704353324374381,Normal
Normal_0,68,0.7111679283052116,Normal
Normal_0,69,0.6412692400419039,Normal
Normal_0,70,0.5727096872056384,Normal
Normal_0,71,0.31995311396883225,Normal
Normal_0,72,0.22100928422656752,Normal
Normal_0,73,0.30931648821067365,Normal
Normal_0,74,-0.11359545486350389,Normal
Normal_0,75,-0.19444744236658984,Normal
Normal_0,76,-0.1488344088338484,Normal
Normal_0,77,-0.443037852488958,Normal
Normal_0,78,-0.3835922352588904,Normal
Normal_0,79,-0.5508824233922938,Normal
Normal_0,80,-0.6754093658378776,Normal
Normal_0,81,-0.6154447783353215,Normal
Normal_0,82,-0.7995091850483537,Normal
Normal_0,83,-0.9502578444279707,Normal
Normal_0,84,-0.9725285428594099,Normal
Normal_0,85,-0.918417792285912,Normal
Normal_0,86,-0.9308661369444736,Normal
Normal_0,87,-1.0135778063470657,Normal
Normal_0,88,-0.7859458278059712,Normal
Normal_0,89,-0.9748052408246419,Normal
Normal_0,90,-0.8740417534064661,Normal
Normal_0,91,-1.0040295007422664,Normal
Normal_0,92,-0.8935792662898583,Normal
Normal_0,93,-0.5785535919509637,Normal
Normal_0,94,-0.6925496626778109,Normal
Normal_0,95,-0.37851747208167164,Normal
Normal_0,96,-0.45878556540905036,Normal
Normal_0,97,-0.29348775014648437,Normal
Normal_0,98,-0.039955461536830814,Normal
Normal_0,99,-0.054043593838785035,Normal
Normal_1,0,-0.17064601903453477,Normal
Normal_1,1,0.20769671616446644,Normal
Normal_1,2,0.1842932490173149,Normal
Normal_1,3,0.4433168636905235,Normal
Normal_1,4,0.41213827048939183,Normal
Normal_1,5,0.510282667244788,Normal
Normal_1,6,0.5791554954404993,Normal
Normal_1,7,0.8640510385681933,Normal
Normal_1,8,0.8479515750809292,Normal
Normal_1,9,0.7698701587434991,Normal
Normal_1,10,0.8829521935200607,Normal
Normal_1,11,1.130741949744088,Normal
Normal_1,12,1.0172025964929454,Normal
Normal_1,13,1.062725863717735,Normal
Normal_1,14,1.018831657522683,Normal
Normal_1,15,1.0344502581300454,Normal
Normal_1,16,0.8677138611205233,Normal
Normal_1,17,0.9105627848782645,Normal
Normal_1,18,0.8701730651773855,Normal
Normal_1,19,0.7162928196676623,Normal
Normal_1,20,0.45597394608973146,Normal
Normal_1,21,0.545364601066592,Normal
Normal_1,22,0.18324593239433146,Normal
Normal_1,23,0.20946861092115002,Normal
Normal_1,24,-0.10572528603259951,Normal
Normal_1,25,-0.23392116242810407,Normal
Normal_1,26,-0.049630756126471,Normal
Normal_1,27,-0.18218196728815356,Normal
Normal_1,28,-0.45308711042822664,Normal
Normal_1,29,-0.49293717359115785,Normal
Normal_1,30,-0.7542863162837694,Normal
Normal_1,31,-0.7821252090694147,Normal
Normal_1,32,-0.7317090313978029,Normal
Normal_1,33,-0.811604280874169,Normal
Normal_1,34,-0.7588726688150568,Normal
Normal_1,35,-0.9919603424867067,Normal
Normal_1,36,-1.0644604476593078,Normal
Normal_1,37,-1.0448467670936645,Normal
Normal_1,38,-0.9779775161034592,Normal
Normal_1,39,-0.9495349627566935,Normal
Normal_1,40,-0.958676244928528,Normal
Normal_1,41,-0.9689469559384949,Normal
Normal_1,42,-0.7611680458058903,Normal
Normal_1,43,-0.6520998664900358,Normal
Normal_1,44,-0.6378909415596781,Normal
Normal_1,45,-0.713021136160164,Normal
Normal_1,46,-0.4054940420009854,Normal
Normal_1,47,-0.16254765786309183,Normal
Normal_1,48,-0.10462376811242602,Normal
Normal_1,49,-0.15211490636212577,Normal
Normal_1,50,0.08591338755118781,Normal
Normal_1,51,0.231197451408242,Normal
Normal_1,52,0.4049944261902567,Normal
Normal_1,53,0.377607479432742,Normal
Normal_1,54,0.7987856329205402,Normal
Normal_1,55,0.67104264804211,Normal
Normal_1,56,0.8826874519654802,Normal
Normal_1,57,0.8188198353317517,Normal
Normal_1,58,0.85074524269638,Normal
Normal_1,59,0.8340211928986797,Normal
Normal_1,60,0.8416345164009199,Normal
Normal_1,61,0.9674820555572713,Normal
Normal_1,62,1.0161054942742778,Normal
Normal_1,63,0.9010946331167348,Normal
Normal_1,64,0.9370874357903871,Normal
Normal_1,65,0.8979811465868304,Normal
Normal_1,66,0.9183738794114569,Normal
Normal_1,67,0.9430008069477827,Normal
Normal_1,68,0.5740311646290279,Normal
Normal_1,69,0.5112761705672436,Normal
Normal_1,70,0.5999627054886227,Normal
Normal_1,71,0.44232251820928586,Normal
Normal_1,72,0.1454803540161311,Normal
Normal_1,73,0.04826937843461912,Normal
Normal_1,74,0.1605268703940184,Normal
Normal_1,75,-0.18674133155205322,Normal
Normal_1,76,-0.43362995028503437,Normal
Normal_1,77,-0.29085663968554104,Normal
Normal_1,78,-0.4899136362371616,Normal
Normal_1,79,-0.4124457297385019,Normal
Normal_1,80,-0.7552979481742829,Normal
Normal_1,81,-0.7211980376260388,Normal
Normal_1,82,-0.9385217187959817,Normal
Normal_1,83,-0.8652002865713333,Normal
Normal_1,84,-0.8234247073339609,Normal
Normal_1,85,-0.9751003214224546,Normal
Normal_1,86,-1.0845629800317673,Normal
Normal_1,87,-0.9069658240508308,Normal
Normal_1,88,-0.9989968404343248,Normal
Normal_1,89,-1.0369181048438725,Normal
Normal_1,90,-0.8391816094710365,Normal
Normal_1,91,-0.9027652582364555,Normal
Normal_1,92,-0.63935228910593,Normal
Normal_1,93,-0.6166841256109709,Normal
Normal_1,94,-0.602849226884065,Normal
Normal_1,95,-0.46947039784025424,Normal
Normal_1,96,-0.2815382429859417,Normal
Normal_1,97,-0.20687209710338922,Normal
Normal_1,98,-0.21970883417614462,Normal
Normal_1,99,-0.09853142536531816,Normal
Normal_2,0,-0.03430405500272639,Normal
Normal_2,1,0.044874532673754186,Normal
Normal_2,2,0.1501626267492809,Normal
Normal_2,3,0.33548368003100465,Normal
Normal_2,4,0.5770961610405955,Normal
Normal_2,5,0.5698218194724023,Normal
Normal_2,6,0.697105828290477,Normal
Normal_2,7,0.7912416618016683,Normal
Normal_2,8,0.9058912479157226,Normal
Normal_2,9,1.006750090517686,Normal
Normal_2,10,0.697252406090673,Normal
Normal_2,11,0.9693904560581318,Normal
Normal_2,12,0.8631213163382937,Normal
Normal_2,13,1.106108105800773,Normal
Normal_2,14,1.1258359167589962,Normal
Normal_2,15,1.0167252740464015,Normal
Normal_2,16,0.8373901385445992,Normal
Normal_2,17,0.5881048967909139,Normal
Normal_2,18,0.6458795132802944,Normal
Normal_2,19,0.6773641966775781,Normal
Normal_2,20,0.5113278196555042,Normal
Normal_2,21,0.3293683352571821,Normal
Normal_2,22,0.3848986486517385,Normal
Normal_2,23,0.2987528763526354,Normal
Normal_2,24,0.0919016775029515,Normal
Normal_2,25,-0.014610904816246266,Normal
Normal_2,26,-0.12867663768200505,Normal
Normal_2,27,-0.2796523710059731,Normal
Normal_2,28,-0.37058328220454084,Normal
Normal_2,29,-0.488312896631274,Normal
Normal_2,30,-0.5898598695586402,Normal
Normal_2,31,-0.8242424699155875,Normal
Normal_2,32,-0.8391870866498025,Normal
Normal_2,33,-0.6869786126678301,Normal
Normal_2,34,-1.0110097401046039,Normal
Normal_2,35,-0.844075277732985,Normal
Normal_2,36,-1.1046604903540074,Normal
Normal_2,37,-1.105936987234419,Normal
Normal_2,38,-0.8860752836868288,Normal
Normal_2,39,-0.8788002761586011,Normal
Normal_2,40,-0.9004612536609732,Normal
Normal_2,41,-0.9447687130599975,Normal
Normal_2,42,-0.9354154387117455,Normal
Normal_2,43,-0.847133704442302,Normal
Normal_2,44,-0.6083954923027622,Normal
Normal_2,45,-0.38600951321542065,Normal
Normal_2,46,-0.4410959928280967,Normal
Normal_2,47,-0.3008064290789186,Normal
Normal_2,48,-0.3371958546394582,Normal
Normal_2,49,-0.05594996733053145,Normal
Normal_2,50,-0.08235730499017421,Normal
Normal_2,51,0.31997301737571554,Normal
Normal_2,52,0.2938211434584688,Normal
Normal_2,53,0.3231919368946956,Normal
Normal_2,54,0.46588754887875794,Normal
Normal_2,55,0.7354100418080779,Normal
Normal_2,56,0.7077474187544586,Normal
Normal_2,57,0.8548570623861971,Normal
Normal_2,58,0.7991433768219762,Normal
Normal_2,59,0.7813036551480589,Normal
Normal_2,60,0.9801506778075927,Normal
Normal_2,61,1.1331142715314655,Normal
Normal_2,62,1.0025312856982425,Normal
Normal_2,63,0.8458273150666245,Normal
Normal_2,64,0.9323877072985503,Normal
Normal_2,65,1.0282174907149273,Normal
Normal_2,66,0.7069419081637226,Normal
Normal_2,67,0.6322514506681238,Normal
Normal_2,68,0.7603718479592644,Normal
Normal_2,69,0.4520368071755227,Normal
Normal_2,70,0.6219277882640949,Normal
Normal_2,71,0.22802993269737365,Normal
Normal_2,72,0.4717760638468719,Normal
Normal_2,73,0.2366142675448269,Normal
Normal_2,74,-0.12150704973175078,Normal
Normal_2,75,-0.02679898924167462,Normal
Normal_2,76,-0.21986899764284523,Normal
Normal_2,77,-0.2969941658162198,Normal
Normal_2,78,-0.5160442275012379,Normal
Normal_2,79,-0.33424789616749023,Normal
Normal_2,80,-0.6468777541071151,Normal
Normal_2,81,-0.9001648687011976,Normal
Normal_2,82,-0.9765054746374083,Normal
Normal_2,83,-0.8528822406462495,Normal
Normal_2,84,-0.8635259280270106,Normal
Normal_2,85,-0.9115845753310691,Normal
Normal_2,86,-0.8768511565189137,Normal
Normal_2,87,-1.1193183718002182,Normal
Normal_2,88,-1.100098866580374,Normal
Normal_2,89,-0.8754736625588132,Normal
Normal_2,90,-0.9132389761330734,Normal
Normal_2,91,-0.9385590008618231,Normal
Normal_2,92,-0.6755157419582092,Normal
Normal_2,93,-0.9317007051855454,Normal
Normal_2,94,-0.5489262122968647,Normal
Normal_2,95,-0.5092489963590541,Normal
Normal_2,96,-0.2340693925066345,Normal
Normal_2,97,-0.24947982901577093,Normal
Normal_2,98,-0.07311780428619213,Normal
Normal_2,99,0.11040717410195972,Normal
Normal_3,0,0.08013912228810337,Normal
Normal_3,1,0.06725443922709434,Normal
Normal_3,2,0.3800418857122919,Normal
Normal_3,3,0.46118447083408737,Normal
Normal_3,4,0.6929063647385751,Normal
Normal_3,5,0.4571293627272926,Normal
Normal_3,6,0.6630205780524198,Normal
Normal_3,7,0.847509559379219,Normal
Normal_3,8,0.8064277178114005,Normal
Normal_3,9,0.9470601167087636,Normal
Normal_3,10,0.9328504057963641,Normal
Normal_3,11,1.067929578939728,Normal
Normal_3,12,1.0673041705578132,Normal
Normal_3,13,0.9317518163046536,Normal
Normal_3,14,0.9095435221891026,Normal
Normal_3,15,0.7790480075219757,Normal
Normal_3,16,0.8869080003459493,Normal
Normal_3,17,0.8001495697974009,Normal
Normal_3,18,0.8153539354674262,Normal
Normal_3,19,0.5796077864279452,Normal
Normal_3,20,0.5492351346159376,Normal
Normal_3,21,0.44045921289872386,Normal
Normal_3,22,0.25773698816598856,Normal
Normal_3,23,0.2424767502354048,Normal
Normal_3,24,0.08025823444177879,Normal
Normal_3,25,0.08394041296077596,Normal
Normal_3,26,-0.20628025422452567,Normal
Normal_3,27,-0.27164203536848686,Normal
Normal_3,28,-0.4427238003187368,Normal
Normal_3,29,-0.5443600057968855,Normal
Normal_3,30,-0.6193995820887717,Normal
Normal_3,31,-0.9818631995007512,Normal
Normal_3,32,-0.6052986471438755,Normal
Normal_3,33,-0.8963688436057418,Normal
Normal_3,34,-0.852837291867755,Normal
Normal_3,35,-1.0856965554163205,Normal
Normal_3,36,-1.038530114873013,Normal
Normal_3,37,-1.0284423226114623,Normal
Normal_3,38,-1.0410595147856858,Normal
Normal_3,39,-0.9562600870760958,Normal
Normal_3,40,-1.093210458567197,Normal
Normal_3,41,-0.7350160588599807,Normal
Normal_3,42,-1.0783109641411248,Normal
Normal_3,43,-0.5594102130058874,Normal
Normal_3,44,-0.3868211223796749,Normal
Normal_3,45,-0.48047319876357303,Normal
Normal_3,46,-0.537268917592602,Normal
Normal_3,47,-0.12089766341562413,Normal
Normal_3,48,-0.398466800901714,Normal
Normal_3,49,-0.03662154002853413,Normal
Normal_3,50,-0.11315434967549379,Normal
Normal_3,51,0.2464178425592073,Normal
Normal_3,52,0.19738021283611823,Normal
Normal_3,53,0.5927979302559321,Normal
Normal_3,54,0.5317826401660192,Normal
Normal_3,55,0.677942600341345,Normal
Normal_3,56,0.6176640512020197,Normal
Normal_3,57,0.779404845929126,Normal
Normal_3,58,0.7059285741943828,Normal
Normal_3,59,0.9965471205277411,Normal
Normal_3,60,1.0621032658764116,Normal
Normal_3,61,1.0160727643435308,Normal
Normal_3,62,0.9844232174138623,Normal
Normal_3,63,0.8621760988512664,Normal
Normal_3,64,1.0541105332183711,Normal
Normal_3,65,0.8827224515506661,Normal
Normal_3,66,1.011287011094906,Normal
Normal_3,67,0.934560654604243,Normal
Normal_3,68,0.8191886669328234,Normal
Normal_3,69,0.6397156747921838,Normal
Normal_3,70,0.33543012390469085,Normal
Normal_3,71,0.2942937338077316,Normal
Normal_3,72,0.38767054902512854,Normal
Normal_3,73,0.2173988084340997,Normal
Normal_3,74,-0.10695752867067529,Normal
Normal_3,75,0.04357953180161929,Normal
Normal_3,76,-0.31222080339332325,Normal
Normal_3,77,-0.29480355795642416,Normal
Normal_3,78,-0.4938953459398356,Normal
Normal_3,79,-0.5808002622143086,Normal
Normal_3,80,-0.6054262699900282,Normal
Normal_3,81,-0.633276516212746,Normal
Normal_3,82,-0.7767394778206639,Normal
Normal_3,83,-1.009144443094848,Normal
Normal_3,84,-1.10972903253003,Normal
Normal_3,85,-1.0823176004662434,Normal
Normal_3,86,-1.2962455533513757,Normal
Normal_3,87,-0.9655828025465276,Normal
Normal_3,88,-0.8670207539320045,Normal
Normal_3,89,-0.9440361320600541,Normal
Normal_3,90,-0.9026016580818707,Normal
Normal_3,91,-0.7832975654832921,Normal
Normal_3,92,-0.831685638938586,Normal
Normal_3,93,-0.7027171983159957,Normal
Normal_3,94,-0.44538185119226203,Normal
Normal_3,95,-0.49071386684828733,Normal
Normal_3,96,-0.3808116414212772,Normal
Normal_3,97,-0.3190953263248532,Normal
Normal_3,98,-0.08457448287149369,Normal
Normal_3,99,-0.1501740313714674,Normal
Normal_4,0,-0.008822079012412718,Normal
Normal_4,1,0.18212435341062427,Normal
Normal_4,2,0.25406213738511846,Normal
Normal_4,3,0.27400717640809946,Normal
Normal_4,4,0.538838920627639,Normal
Normal_4,5,0.6423673137610566,Normal
Normal_4,6,0.8572979207542404,Normal
Normal_4,7,0.8106166686040169,Normal
Normal_4,8,0.9442041934215123,Normal
Normal_4,9,1.0210743662169959,Normal
Normal_4,10,0.7571927541091843,Normal
Normal_4,11,0.8358819803686321,Normal
Normal_4,12,0.9068937737213221,Normal
Normal_4,13,0.9888284424114953,Normal
Normal_4,14,0.9825667020162515,Normal
Normal_4,15,0.8851729703361748,Normal
Normal_4,16,0.9786923736304192,Normal
Normal_4,17,0.7363968038077114,Normal
Normal_4,18,0.835885155714738,Normal
Normal_4,19,0.5732478642142997,Normal
Normal_4,20,0.638825340100199,Normal
Normal_4,21,0.3398490990289814,Normal
Normal_4,22,0.4221656557194464,Normal
Normal_4,23,0.2516850405230842,Normal
Normal_4,24,-0.09896396325018081,Normal
Normal_4,25,0.00939768685427652,Normal
Normal_4,26,-0.24474889517333043,Normal
Normal_4,27,-0.29377280263358496,Normal
Normal_4,28,-0.4630288643153747,Normal
Normal_4,29,-0.6166600135394062,Normal
Normal_4,30,-0.6681112556405209,Normal
Normal_4,31,-0.7402684318665658,Normal
Normal_4,32,-0.6759934292497962,Normal
Normal_4,33,-0.7512280055680054,Normal
Normal_4,34,-0.9062541081004885,Normal
Normal_4,35,-1.0766837110190153,Normal
Normal_4,36,-0.9961419660423211,Normal
Normal_4,37,-1.156570850538717,Normal
Normal_4,38,-1.0354436485665846,Normal
Normal_4,39,-0.9742801325217398,Normal
Normal_4,40,-0.8489872454770366,Normal
Normal_4,41,-0.9727869079793625,Normal
Normal_4,42,-0.8270319729867928,Normal
Normal_4,43,-0.6740563952399479,Normal
Normal_4,44,-0.6166835258457506,Normal
Normal_4,45,-0.6320601937688627,Normal
Normal_4,46,-0.34046020014841066,Normal
Normal_4,47,-0.42814253558558796,Normal
Normal_4,48,-0.2313807394334338,Normal
Normal_4,49,-0.11718512025278467,Normal
Normal_4,50,0.03803248726320979,Normal
Normal_4,51,0.21552150571929088,Normal
Normal_4,52,0.3708136733671992,Normal
Normal_4,53,0.4184124090512719,Normal
Normal_4,54,0.5732615185948591,Normal
Normal_4,55,0.6792534503170722,Normal
Normal_4,56,0.6412177463141332,Normal
Normal_4,57,0.7521162609986125,Normal
Normal_4,58,0.9964480498104836,Normal
Normal_4,59,0.835758362175112,Normal
Normal_4,60,0.759858997317433,Normal
Normal_4,61,0.8816340670411127,Normal
Normal_4,62,1.0227132437184696,Normal
Normal_4,63,1.0112591876501782,Normal
Normal_4,64,1.0243610417891351,Normal
Normal_4,65,1.0816971625777683,Normal
Normal_4,66,0.8378174494294983,Normal
Normal_4,67,0.7162561274209732,Normal
Normal_4,68,0.6473606140409781,Normal
Normal_4,69,0.4586855445014204,Normal
Normal_4,70,0.5686579408434562,Normal
Normal_4,71,0.5307287200315811,Normal
Normal_4,72,0.2508124227321801,Normal
Normal_4,73,0.23259054389357264,Normal
Normal_4,74,0.08226628877538364,Normal
Normal_4,75,-0.15249754475900187,Normal
Normal_4,76,-0.16815239569430565,Normal
Normal_4,77,-0.45749289015732597,Normal
Normal_4,78,-0.4379478612391782,Normal
Normal_4,79,-0.49704696124658543,Normal
Normal_4,80,-0.6421534092625215,Normal
Normal_4,81,-0.6381852381514082,Normal
Normal_4,82,-0.7807117315217984,Normal
Normal_4,83,-0.7435740356721747,Normal
Normal_4,84,-0.8245241264337844,Normal
Normal_4,85,-0.9658131368930923,Normal
Normal_4,86,-1.0386250807254012,Normal
Normal_4,87,-1.117995918661034,Normal
Normal_4,88,-0.9483923926677078,Normal
Normal_4,89,-0.8016229922878566,Normal
Normal_4,90,-0.6664200439824475,Normal
Normal_4,91,-1.0264442495788377,Normal
Normal_4,92,-0.8225274684830177,Normal
Normal_4,93,-0.5630354584525353,Normal
Normal_4,94,-0.540687131240927,Normal
Normal_4,95,-0.44330934564426605,Normal
Normal_4,96,-0.3184791099950516,Normal
Normal_4,97,-0.17440678386082678,Normal
Normal_4,98,-0.14678558781314793,Normal
Normal_4,99,-0.08433113347041,Normal
Anomaly_0,0,-0.19208211444738355,Anomaly
Anomaly_0,1,0.15189883683096125,Anomaly
Anomaly_0,2,0.23775879543139453,Anomaly
Anomaly_0,3,0.45073541335738143,Anomaly
Anomaly_0,4,0.5731800758521843,Anomaly
Anomaly_0,5,0.6188565179285308,Anomaly
Anomaly_0,6,0.7843646063876157,Anomaly
Anomaly_0,7,0.7539857042774665,Anomaly
Anomaly_0,8,0.7357139895483142,Anomaly
Anomaly_0,9,0.9762801504975029,Anomaly
Anomaly_0,10,0.9819987502458452,Anomaly
Anomaly_0,11,0.8886117077979014,Anomaly
Anomaly_0,12,0.9590978936410017,Anomaly
Anomaly_0,13,1.0227155625274162,Anomaly
Anomaly_0,14,1.1392812813543594,Anomaly
Anomaly_0,15,0.8082794241564397,Anomaly
Anomaly_0,16,1.1072081175950381,Anomaly
Anomaly_0,17,0.6049001993643675,Anomaly
Anomaly_0,18,0.7490946712311987,Anomaly
Anomaly_0,19,0.5435341484583995,Anomaly
Anomaly_0,20,0.39307215416961927,Anomaly
Anomaly_0,21,0.5183865507611359,Anomaly
Anomaly_0,22,0.42581544465917776,Anomaly
Anomaly_0,23,0.2435021417328675,Anomaly
Anomaly_0,24,0.22254915681128948,Anomaly
Anomaly_0,25,-0.10357481126697031,Anomaly
Anomaly_0,26,-0.1615479052370562,Anomaly
Anomaly_0,27,-0.27889339593581597,Anomaly
Anomaly_0,28,-0.454610139559132,Anomaly
Anomaly_0,29,-0.44946973839792287,Anomaly
Anomaly_0,30,-0.5934101374216005,Anomaly
Anomaly_0,31,-0.6028991328079742,Anomaly
Anomaly_0,32,-0.766543137682664,Anomaly
Anomaly_0,33,-0.909171752391518,Anomaly
Anomaly_0,34,-0.9684209360438333,Anomaly
Anomaly_0,35,-0.9310468762829635,Anomaly
Anomaly_0,36,-0.9726916889538655,Anomaly
Anomaly_0,37,-0.913107759451963,Anomaly
Anomaly_0,38,-0.8579881584379124,Anomaly
Anomaly_0,39,-1.0139801287967738,Anomaly
Anomaly_0,40,-0.8359332124256633,Anomaly
Anomaly_0,41,-0.8743365629209722,Anomaly
Anomaly_0,42,-0.710481533646601,Anomaly
Anomaly_0,43,-0.6770420925994414,Anomaly
Anomaly_0,44,-0.467917620120034,Anomaly
Anomaly_0,45,2.4581680477227703,Anomaly
Anomaly_0,46,2.627961782883784,Anomaly
Anomaly_0,47,2.5838813886432823,Anomaly
Anomaly_0,48,2.7403093928132627,Anomaly
Anomaly_0,49,2.924716943520246,Anomaly
Anomaly_0,50,3.2262952768883983,Anomaly
Anomaly_0,51,3.121523818692226,Anomaly
Anomaly_0,52,3.1992073950561792,Anomaly
Anomaly_0,53,3.4977830119055877,Anomaly
Anomaly_0,54,3.551689423349761,Anomaly
Anomaly_0,55,0.8675375024146023,Anomaly
Anomaly_0,56,0.8185416157502767,Anomaly
Anomaly_0,57,0.6842790124645273,Anomaly
Anomaly_0,58,0.8237380038495412,Anomaly
Anomaly_0,59,1.1231082976701392,Anomaly
Anomaly_0,60,0.7825083300137474,Anomaly
Anomaly_0,61,0.7962314191522716,Anomaly
Anomaly_0,62,0.9475746738982515,Anomaly
Anomaly_0,63,1.0426367331266497,Anomaly
Anomaly_0,64,1.1574527943079862,Anomaly
Anomaly_0,65,0.6983892741044331,Anomaly
Anomaly_0,66,0.757724254844581,Anomaly
Anomaly_0,67,0.8327292354392888,Anomaly
Anomaly_0,68,0.8238887279426469,Anomaly
Anomaly_0,69,0.4877325837801265,Anomaly
Anomaly_0,70,0.5418739004361279,Anomaly
Anomaly_0,71,0.5740412882864111,Anomaly
Anomaly_0,72,0.20846634821574056,Anomaly
Anomaly_0,73,0.12822917968566822,Anomaly
Anomaly_0,74,0.046398009655954295,Anomaly
Anomaly_0,75,-0.04949849388553139,Anomaly
Anomaly_0,76,-0.3215894663197467,Anomaly
Anomaly_0,77,-0.3758124898531903,Anomaly
Anomaly_0,78,-0.4722226889617644,Anomaly
Anomaly_0,79,-0.5228878514791977,Anomaly
Anomaly_0,80,-0.6832403448084385,Anomaly
Anomaly_0,81,-0.6377561411151548,Anomaly
Anomaly_0,82,-0.8595921908129762,Anomaly
Anomaly_0,83,-1.0819966482272503,Anomaly
Anomaly_0,84,-0.960491711541628,Anomaly
Anomaly_0,85,-1.1126302704903506,Anomaly
Anomaly_0,86,-0.7637796557995896,Anomaly
Anomaly_0,87,-1.181202743580899,Anomaly
Anomaly_0,88,-0.9426754384046022,Anomaly
Anomaly_0,89,-0.8769670459295673,Anomaly
Anomaly_0,90,-0.7897359936492766,Anomaly
Anomaly_0,91,-0.776303309383322,Anomaly
Anomaly_0,92,-0.8420054292626069,Anomaly
Anomaly_0,93,-0.7099866024442608,Anomaly
Anomaly_0,94,-0.5673215429472609,Anomaly
Anomaly_0,95,-0.5364505118425004,Anomaly
Anomaly_0,96,-0.37854469041580174,Anomaly
Anomaly_0,97,-0.19013590639838535,Anomaly
Anomaly_0,98,-0.09322004356822677,Anomaly
Anomaly_0,99,0.0353249675247462,Anomaly
Anomaly_1,0,-0.07719196555930992,Anomaly
Anomaly_1,1,0.04461211346659347,Anomaly
Anomaly_1,2,0.30644981205135324,Anomaly
Anomaly_1,3,0.5660182271210874,Anomaly
Anomaly_1,4,0.6275465880411684,Anomaly
Anomaly_1,5,0.6052124067111952,Anomaly
Anomaly_1,6,0.7188240997168631,Anomaly
Anomaly_1,7,0.6962135485533731,Anomaly
Anomaly_1,8,1.0859982625750755,Anomaly
Anomaly_1,9,0.8185856519791019,Anomaly
Anomaly_1,10,0.9213069871251169,Anomaly
Anomaly_1,11,0.941886697330607,Anomaly
Anomaly_1,12,1.0652431657715271,Anomaly
Anomaly_1,13,0.8728363518476495,Anomaly
Anomaly_1,14,1.0870454108088814,Anomaly
Anomaly_1,15,0.9139031980578844,Anomaly
Anomaly_1,16,0.7906512780852639,Anomaly
Anomaly_1,17,0.948134722596237,Anomaly
Anomaly_1,18,0.6928395699859742,Anomaly
Anomaly_1,19,0.7628241154667458,Anomaly
Anomaly_1,20,0.650370624471853,Anomaly
Anomaly_1,21,0.4778843843516504,Anomaly
Anomaly_1,22,0.42817409236253245,Anomaly
Anomaly_1,23,0.2694822809613816,Anomaly
Anomaly_1,24,0.13457604710737525,Anomaly
Anomaly_1,25,-0.02256090131247639,Anomaly
Anomaly_1,26,-0.21462343363827308,Anomaly
Anomaly_1,27,-0.32960527976584675,Anomaly
Anomaly_1,28,-0.5812144291166366,Anomaly
Anomaly_1,29,-0.3505933097004539,Anomaly
Anomaly_1,30,-0.5234294424337247,Anomaly
Anomaly_1,31,-0.7827583792518342,Anomaly
Anomaly_1,32,-0.7453347047471665,Anomaly
Anomaly_1,33,-0.9368648234438571,Anomaly
Anomaly_1,34,-0.8736904288463737,Anomaly
Anomaly_1,35,-0.9771441923997407,Anomaly
Anomaly_1,36,-0.9049271940056022,Anomaly
Anomaly_1,37,-0.9597588495050212,Anomaly
Anomaly_1,38,-0.9758901023829968,Anomaly
Anomaly_1,39,-1.0002442557702758,Anomaly
Anomaly_1,40,-0.9894883981111836,Anomaly
Anomaly_1,41,-0.9372109028773143,Anomaly
Anomaly_1,42,-0.866467986392495,Anomaly
Anomaly_1,43,-0.7793846107408551,Anomaly
Anomaly_1,44,-0.5612012256339408,Anomaly
Anomaly_1,45,2.342429942571468,Anomaly
Anomaly_1,46,2.4406701160984885,Anomaly
Anomaly_1,47,2.869733041333431,Anomaly
Anomaly_1,48,2.6676829992455846,Anomaly
Anomaly_1,49,3.0114872811326974,Anomaly
Anomaly_1,50,2.888456479655992,Anomaly
Anomaly_1,51,3.1370326755061826,Anomaly
Anomaly_1,52,3.357215572561086,Anomaly
Anomaly_1,53,3.5524178544221767,Anomaly
Anomaly_1,54,3.5971357236507946,Anomaly
Anomaly_1,55,0.6767177152934363,Anomaly
Anomaly_1,56,0.7824688341645146,Anomaly
Anomaly_1,57,0.7617116666683839,Anomaly
Anomaly_1,58,0.9794852491412237,Anomaly
Anomaly_1,59,1.043885673852376,Anomaly
Anomaly_1,60,0.9532426803407991,Anomaly
Anomaly_1,61,1.024869704892621,Anomaly
Anomaly_1,62,1.1715591058243513,Anomaly
Anomaly_1,63,0.9228442045953607,Anomaly
Anomaly_1,64,0.8781794681705121,Anomaly
Anomaly_1,65,0.9422295178495272,Anomaly
Anomaly_1,66,0.8821729061470117,Anomaly
Anomaly_1,67,0.6995718642131173,Anomaly
Anomaly_1,68,0.750997679145423,Anomaly
Anomaly_1,69,0.3600457523002866,Anomaly
Anomaly_1,70,0.44056209857282447,Anomaly
Anomaly_1,71,0.4292891192552165,Anomaly
Anomaly_1,72,0.23443023406312932,Anomaly
Anomaly_1,73,0.1657283616677294,Anomaly
Anomaly_1,74,0.0911944545977354,Anomaly
Anomaly_1,75,-0.1364430373579263,Anomaly
Anomaly_1,76,-0.10220555234885109,Anomaly
Anomaly_1,77,-0.2100094266900297,Anomaly
Anomaly_1,78,-0.3982335524959118,Anomaly
Anomaly_1,79,-0.457316805568404,Anomaly
Anomaly_1,80,-0.6045353793119522,Anomaly
Anomaly_1,81,-0.6161502058589685,Anomaly
Anomaly_1,82,-0.8137188409403219,Anomaly
Anomaly_1,83,-0.9791583644044678,Anomaly
Anomaly_1,84,-1.0080770873994187,Anomaly
Anomaly_1,85,-1.192806386780271,Anomaly
Anomaly_1,86,-0.9686915259611758,Anomaly
Anomaly_1,87,-1.003501869984046,Anomaly
Anomaly_1,88,-1.1771625871087914,Anomaly
Anomaly_1,89,-0.9972857458052101,Anomaly
Anomaly_1,90,-0.9726464252948316,Anomaly
Anomaly_1,91,-0.8570268688346118,Anomaly
Anomaly_1,92,-0.7502138227982229,Anomaly
Anomaly_1,93,-0.8070262875984915,Anomaly
Anomaly_1,94,-0.6970550562143665,Anomaly
Anomaly_1,95,-0.46551270142249174,Anomaly
Anomaly_1,96,-0.3844160133436206,Anomaly
Anomaly_1,97,-0.310875982660536,Anomaly
Anomaly_1,98,-0.11914375836645524,Anomaly
Anomaly_1,99,-0.17373203959792147,Anomaly
Anomaly_2,0,-0.014451071514884561,Anomaly
Anomaly_2,1,0.05977816563113536,Anomaly
Anomaly_2,2,0.11072863277671954,Anomaly
Anomaly_2,3,0.3163606994335363,Anomaly
Anomaly_2,4,0.6236711700445214,Anomaly
Anomaly_2,5,0.6650513275057813,Anomaly
Anomaly_2,6,0.7697686236175859,Anomaly
Anomaly_2,7,0.8733114648444528,Anomaly
Anomaly_2,8,0.7979524396362285,Anomaly
Anomaly_2,9,0.8060450611271915,Anomaly
Anomaly_2,10,1.1204925710417444,Anomaly
Anomaly_2,11,1.0115714941136325,Anomaly
Anomaly_2,12,1.0406051420344322,Anomaly
Anomaly_2,13,0.9034448329840037,Anomaly
Anomaly_2,14,1.2276624239081138,Anomaly
Anomaly_2,15,0.8671608972552411,Anomaly
Anomaly_2,16,1.1898509487438,Anomaly
Anomaly_2,17,0.8280621282251066,Anomaly
Anomaly_2,18,0.6637728163383225,Anomaly
Anomaly_2,19,0.6958829444151626,Anomaly
Anomaly_2,20,0.8021214061047653,Anomaly
Anomaly_2,21,0.5197432321001287,Anomaly
Anomaly_2,22,0.3541462848833706,Anomaly
Anomaly_2,23,0.14956066813058683,Anomaly
Anomaly_2,24,0.13605116267347928,Anomaly
Anomaly_2,25,0.06619724942168272,Anomaly
Anomaly_2,26,-0.11830817560517923,Anomaly
Anomaly_2,27,-0.1150194965594809,Anomaly
Anomaly_2,28,-0.29857636732963777,Anomaly
Anomaly_2,29,-0.5330787040809148,Anomaly
Anomaly_2,30,-0.6249350005767386,Anomaly
Anomaly_2,31,-0.5764906138061999,Anomaly
Anomaly_2,32,-0.7286620505473465,Anomaly
Anomaly_2,33,-0.7481653999807579,Anomaly
Anomaly_2,34,-1.009118246520238,Anomaly
Anomaly_2,35,-1.0117226047851005,Anomaly
Anomaly_2,36,-1.0175877795946553,Anomaly
Anomaly_2,37,-1.0331606711927128,Anomaly
Anomaly_2,38,-1.0160546068088367,Anomaly
Anomaly_2,39,-1.0253801177471986,Anomaly
Anomaly_2,40,-0.9135723638571597,Anomaly
Anomaly_2,41,-0.871250675380495,Anomaly
Anomaly_2,42,-0.8571656635837761,Anomaly
Anomaly_2,43,-0.7210356248723812,Anomaly
Anomaly_2,44,-0.6120329637018609,Anomaly
Anomaly_2,45,2.3701767066347137,Anomaly
Anomaly_2,46,2.586134800770894,Anomaly
Anomaly_2,47,2.782205104826797,Anomaly
Anomaly_2,48,2.8856063683313007,Anomaly
Anomaly_2,49,2.840309829749867,Anomaly
Anomaly_2,50,2.971807063017849,Anomaly
Anomaly_2,51,3.1048615572039524,Anomaly
Anomaly_2,52,3.527747666021936,Anomaly
Anomaly_2,53,3.3071840450152568,Anomaly
Anomaly_2,54,3.4625241931057475,Anomaly
Anomaly_2,55,0.7077671864910595,Anomaly
Anomaly_2,56,0.7065609259265616,Anomaly
Anomaly_2,57,0.6547762446707638,Anomaly
Anomaly_2,58,0.7573503754224447,Anomaly
Anomaly_2,59,1.004322107848167,Anomaly
Anomaly_2,60,0.9784831473786724,Anomaly
Anomaly_2,61,0.9524343341830422,Anomaly
Anomaly_2,62,0.9951719417498124,Anomaly
Anomaly_2,63,1.1466570139368588,Anomaly
Anomaly_2,64,1.1216955612096944,Anomaly
Anomaly_2,65,0.8544386232601038,Anomaly
Anomaly_2,66,0.6776522036942118,Anomaly
Anomaly_2,67,0.7348585154699561,Anomaly
Anomaly_2,68,0.6768338149119393,Anomaly
Anomaly_2,69,0.6052030110485624,Anomaly
Anomaly_2,70,0.5974585889197289,Anomaly
Anomaly_2,71,0.2763769886279718,Anomaly
Anomaly_2,72,0.3827957768173485,Anomaly
Anomaly_2,73,0.1277353218604416,Anomaly
Anomaly_2,74,0.01948223657762342,Anomaly
Anomaly_2,75,-0.20576034993726794,Anomaly
Anomaly_2,76,-0.008541953452037926,Anomaly
Anomaly_2,77,-0.34666311208502765,Anomaly
Anomaly_2,78,-0.5887314421651418,Anomaly
Anomaly_2,79,-0.6005998889262696,Anomaly
Anomaly_2,80,-0.6916064321775969,Anomaly
Anomaly_2,81,-0.6932584647724208,Anomaly
Anomaly_2,82,-0.9143491735305146,Anomaly
Anomaly_2,83,-0.9111019290264403,Anomaly
Anomaly_2,84,-1.052862692606379,Anomaly
Anomaly_2,85,-0.9664269539786828,Anomaly
Anomaly_2,86,-1.054147909370754,Anomaly
Anomaly_2,87,-0.9551883171017225,Anomaly
Anomaly_2,88,-1.0034468065712407,Anomaly
Anomaly_2,89,-1.01542062690445,Anomaly
Anomaly_2,90,-0.6808070854342029,Anomaly
Anomaly_2,91,-0.9880174932864573,Anomaly
Anomaly_2,92,-0.7736395632551847,Anomaly
Anomaly_2,93,-0.6734113976271247,Anomaly
Anomaly_2,94,-0.6065826039898606,Anomaly
Anomaly_2,95,-0.4444247263987673,Anomaly
Anomaly_2,96,-0.35049983157015024,Anomaly
Anomaly_2,97,-0.1192452865377254,Anomaly
Anomaly_2,98,-0.37654062987597103,Anomaly
Anomaly_2,99,-0.11797403264416972,Anomaly
Anomaly_3,0,-0.061589622456373866,Anomaly
Anomaly_3,1,0.21038949935151435,Anomaly
Anomaly_3,2,0.28997910804431515,Anomaly
Anomaly_3,3,0.3625413059671518,Anomaly
Anomaly_3,4,0.6786552161854377,Anomaly
Anomaly_3,5,0.642470239812656,Anomaly
Anomaly_3,6,0.7683394398132509,Anomaly
Anomaly_3,7,0.8698413050260473,Anomaly
Anomaly_3,8,0.7724812202717242,Anomaly
Anomaly_3,9,0.8804505143643369,Anomaly
Anomaly_3,10,0.8916185235480484,Anomaly
Anomaly_3,11,0.9982543573139883,Anomaly
Anomaly_3,12,0.9570363756768466,Anomaly
Anomaly_3,13,0.8983193360193298,Anomaly
Anomaly_3,14,1.010727582896878,Anomaly
Anomaly_3,15,0.8430669260365052,Anomaly
Anomaly_3,16,0.8287933834863036,Anomaly
Anomaly_3,17,0.69116520534909,Anomaly
Anomaly_3,18,0.8114501573477997,Anomaly
Anomaly_3,19,0.7045171193082386,Anomaly
Anomaly_3,20,0.6673213243575193,Anomaly
Anomaly_3,21,0.5616132766372783,Anomaly
Anomaly_3,22,0.14930639151340014,Anomaly
Anomaly_3,23,0.14715691387417923,Anomaly
Anomaly_3,24,0.19556777775030476,Anomaly
Anomaly_3,25,0.03298469651306177,Anomaly
Anomaly_3,26,-0.10595272334011335,Anomaly
Anomaly_3,27,-0.2707317276100245,Anomaly
Anomaly_3,28,-0.373845730604027,Anomaly
Anomaly_3,29,-0.6298354061865064,Anomaly
Anomaly_3,30,-0.6135033081837622,Anomaly
Anomaly_3,31,-0.8169428590549506,Anomaly
Anomaly_3,32,-0.6525707088911987,Anomaly
Anomaly_3,33,-0.6755677168112297,Anomaly
Anomaly_3,34,-0.8210616926106774,Anomaly
Anomaly_3,35,-1.0787958320737518,Anomaly
Anomaly_3,36,-1.0072961715554545,Anomaly
Anomaly_3,37,-0.8230843676361512,Anomaly
Anomaly_3,38,-0.9721538152616007,Anomaly
Anomaly_3,39,-1.1444941542769742,Anomaly
Anomaly_3,40,-0.9882557629536352,Anomaly
Anomaly_3,41,-0.7382327439855054,Anomaly
Anomaly_3,42,-0.8089192720221955,Anomaly
Anomaly_3,43,-0.6545487024073013,Anomaly
Anomaly_3,44,-0.6179420463042796,Anomaly
Anomaly_3,45,2.4865286633045987,Anomaly
Anomaly_3,46,2.7500310169830837,Anomaly
Anomaly_3,47,2.63805052020207,Anomaly
Anomaly_3,48,2.689086252448854,Anomaly
Anomaly_3,49,2.798179576481031,Anomaly
Anomaly_3,50,3.0924696018988826,Anomaly
Anomaly_3,51,3.2442108131551732,Anomaly
Anomaly_3,52,3.2695401936900095,Anomaly
Anomaly_3,53,3.5534856271639983,Anomaly
Anomaly_3,54,3.4836450179758813,Anomaly
Anomaly_3,55,0.6356162769058977,Anomaly
Anomaly_3,56,0.585895845620345,Anomaly
Anomaly_3,57,0.7047381766626655,Anomaly
Anomaly_3,58,1.0366584311136802,Anomaly
Anomaly_3,59,0.9988856533237526,Anomaly
Anomaly_3,60,0.8460227611726694,Anomaly
Anomaly_3,61,1.011339542406135,Anomaly
Anomaly_3,62,0.9510136416343662,Anomaly
Anomaly_3,63,1.148374234491708,Anomaly
Anomaly_3,64,1.0655131493991206,Anomaly
Anomaly_3,65,0.8666203028289601,Anomaly
Anomaly_3,66,0.8275722127788341,Anomaly
Anomaly_3,67,1.0217381454699643,Anomaly
Anomaly_3,68,0.7634769338323966,Anomaly
Anomaly_3,69,0.6350240662401482,Anomaly
Anomaly_3,70,0.5450293733951636,Anomaly
Anomaly_3,71,0.40534027758061153,Anomaly
Anomaly_3,72,0.4348349101671336,Anomaly
Anomaly_3,73,0.10605553444101656,Anomaly
Anomaly_3,74,0.1325721622845924,Anomaly
Anomaly_3,75,-0.14086273422521084,Anomaly
Anomaly_3,76,-0.17774461128332245,Anomaly
Anomaly_3,77,-0.4701810814026746,Anomaly
Anomaly_3,78,-0.4954935115847121,Anomaly
Anomaly_3,79,-0.5093782199616195,Anomaly
Anomaly_3,80,-0.7172497270655728,Anomaly
Anomaly_3,81,-0.720160025309369,Anomaly
Anomaly_3,82,-0.9493822801198417,Anomaly
Anomaly_3,83,-0.8352694443268232,Anomaly
Anomaly_3,84,-0.9359049621613326,Anomaly
Anomaly_3,85,-0.9179685314889845,Anomaly
Anomaly_3,86,-1.0205627477282302,Anomaly
Anomaly_3,87,-1.0214364417181243,Anomaly
Anomaly_3,88,-0.9974000153962564,Anomaly
Anomaly_3,89,-0.856797975380641,Anomaly
Anomaly_3,90,-1.117545700987921,Anomaly
Anomaly_3,91,-0.7499719983782571,Anomaly
Anomaly_3,92,-0.7370557364921796,Anomaly
Anomaly_3,93,-0.7253807883497744,Anomaly
Anomaly_3,94,-0.6008170269711159,Anomaly
Anomaly_3,95,-0.5424867087253851,Anomaly
Anomaly_3,96,-0.6278024389709871,Anomaly
Anomaly_3,97,-0.21722550081119998,Anomaly
Anomaly_3,98,-0.2495017612989177,Anomaly
Anomaly_3,99,-0.16604593332059317,Anomaly
Anomaly_4,0,-0.2643526143716216,Anomaly
Anomaly_4,1,0.02065201704878851,Anomaly
Anomaly_4,2,0.25399097178403857,Anomaly
Anomaly_4,3,0.529006348095134,Anomaly
Anomaly_4,4,0.37705222991280096,Anomaly
Anomaly_4,5,0.5166850919180414,Anomaly
Anomaly_4,6,0.7028233864562206,Anomaly
Anomaly_4,7,0.7170187074607175,Anomaly
Anomaly_4,8,0.9672558151143117,Anomaly
Anomaly_4,9,0.931829412369446,Anomaly
Anomaly_4,10,1.0317219177591994,Anomaly
Anomaly_4,11,1.0490755584218119,Anomaly
Anomaly_4,12,0.9091932208798378,Anomaly
Anomaly_4,13,1.0873746165653342,Anomaly
Anomaly_4,14,1.1219819943192486,Anomaly
Anomaly_4,15,0.9448356921449412,Anomaly
Anomaly_4,16,1.063111102251443,Anomaly
Anomaly_4,17,0.9352390929026674,Anomaly
Anomaly_4,18,0.740512780002465,Anomaly
Anomaly_4,19,0.49099341603844515,Anomaly
Anomaly_4,20,0.6034314846814526,Anomaly
Anomaly_4,21,0.36720169642118833,Anomaly
Anomaly_4,22,0.3272022618809027,Anomaly
Anomaly_4,23,0.15950248545110762,Anomaly
Anomaly_4,24,0.08782886558679448,Anomaly
Anomaly_4,25,0.02403412384132847,Anomaly
Anomaly_4,26,-0.20283693246743725,Anomaly
Anomaly_4,27,-0.09714542069435964,Anomaly
Anomaly_4,28,-0.40193923806550447,Anomaly
Anomaly_4,29,-0.41773016849934064,Anomaly
Anomaly_4,30,-0.6612609037366212,Anomaly
Anomaly_4,31,-0.7830065498450187,Anomaly
Anomaly_4,32,-0.8172628430655272,Anomaly
Anomaly_4,33,-0.8407649078749161,Anomaly
Anomaly_4,34,-0.8121034226244362,Anomaly
Anomaly_4,35,-0.9603334307651366,Anomaly
Anomaly_4,36,-0.9974441019464648,Anomaly
Anomaly_4,37,-1.0210188391275254,Anomaly
Anomaly_4,38,-0.8945054854793756,Anomaly
Anomaly_4,39,-0.9180184828302154,Anomaly
Anomaly_4,40,-1.0829476487884842,Anomaly
Anomaly_4,41,-0.8313185554211009,Anomaly
Anomaly_4,42,-1.045881063385638,Anomaly
Anomaly_4,43,-0.810964066821391,Anomaly
Anomaly_4,44,-0.7372113145682953,Anomaly
Anomaly_4,45,2.4227580950097307,Anomaly
Anomaly_4,46,2.6336717921388124,Anomaly
Anomaly_4,47,2.6742224481816974,Anomaly
Anomaly_4,48,2.7544085476630573,Anomaly
Anomaly_4,49,2.8943843323812497,Anomaly
Anomaly_4,50,3.094046237830103,Anomaly
Anomaly_4,51,3.153933972084385,Anomaly
Anomaly_4,52,3.158802758742395,Anomaly
Anomaly_4,53,3.4645244392730286,Anomaly
Anomaly_4,54,3.4712615672327822,Anomaly
Anomaly_4,55,0.5688195221966035,Anomaly
Anomaly_4,56,0.8327067517111268,Anomaly
Anomaly_4,57,0.6707128600913064,Anomaly
Anomaly_4,58,0.9016682734682471,Anomaly
Anomaly_4,59,0.8714027062936796,Anomaly
Anomaly_4,60,0.8739685898263839,Anomaly
Anomaly_4,61,1.1570360932407604,Anomaly
Anomaly_4,62,0.9775500547520011,Anomaly
Anomaly_4,63,0.9989209608958374,Anomaly
Anomaly_4,64,1.149530347763597,Anomaly
Anomaly_4,65,0.7534763877441529,Anomaly
Anomaly_4,66,0.8852834807263785,Anomaly
Anomaly_4,67,0.5145740920134684,Anomaly
Anomaly_4,68,0.6970488434428097,Anomaly
Anomaly_4,69,0.6088429990540966,Anomaly
Anomaly_4,70,0.4090541291820942,Anomaly
Anomaly_4,71,0.5661733971630566,Anomaly
Anomaly_4,72,0.26068345843202584,Anomaly
Anomaly_4,73,0.26747287712068496,Anomaly
Anomaly_4,74,-0.07866492855331492,Anomaly
Anomaly_4,75,-0.06586044478861759,Anomaly
Anomaly_4,76,-0.14712266257202944,Anomaly
Anomaly_4,77,-0.3574319573750942,Anomaly
Anomaly_4,78,-0.41882548063352193,Anomaly
Anomaly_4,79,-0.5771528056104477,Anomaly
Anomaly_4,80,-0.6485583169881366,Anomaly
Anomaly_4,81,-0.7923368158836195,Anomaly
Anomaly_4,82,-0.824235225289709,Anomaly
Anomaly_4,83,-0.8594077190312666,Anomaly
Anomaly_4,84,-0.8871781170843853,Anomaly
Anomaly_4,85,-1.1253350853520336,Anomaly
Anomaly_4,86,-0.9337005653442316,Anomaly
Anomaly_4,87,-1.0402962989171856,Anomaly
Anomaly_4,88,-0.9549290558563499,Anomaly
Anomaly_4,89,-0.9694501987160767,Anomaly
Anomaly_4,90,-0.7810366530777932,Anomaly
Anomaly_4,91,-0.8519607870506686,Anomaly
Anomaly_4,92,-0.8221374713660116,Anomaly
Anomaly_4,93,-0.7040616984122914,Anomaly
Anomaly_4,94,-0.6483440304742373,Anomaly
Anomaly_4,95,-0.4434827299780661,Anomaly
Anomaly_4,96,-0.37308516567964467,Anomaly
Anomaly_4,97,0.0339787385390648,Anomaly
Anomaly_4,98,-0.24958324035688623,Anomaly
Anomaly_4,99,0.12338126270441899,Anomaly
